time_s,mode,reason
0,NOMINAL,NONE
1,NOMINAL,NONE
2,NOMINAL,NONE
3,NOMINAL,NONE
4,NOMINAL,NONE
5,NOMINAL,NONE
6,NOMINAL,NONE
7,NOMINAL,NONE
8,NOMINAL,NONE
9,NOMINAL,NONE
10,NOMINAL,NONE
11,NOMINAL,NONE
12,NOMINAL,NONE
13,NOMINAL,NONE
14,NOMINAL,NONE
15,NOMINAL,NONE
16,NOMINAL,NONE
17,NOMINAL,NONE
18,NOMINAL,NONE
19,NOMINAL,NONE
20,NOMINAL,NONE
21,NOMINAL,NONE
22,NOMINAL,NONE
23,NOMINAL,NONE
24,NOMINAL,NONE
25,NOMINAL,NONE
26,NOMINAL,NONE
27,NOMINAL,NONE
28,NOMINAL,NONE
29,NOMINAL,NONE
30,NOMINAL,NONE
31,NOMINAL,NONE
32,NOMINAL,NONE
33,NOMINAL,NONE
34,NOMINAL,NONE
35,NOMINAL,NONE
36,NOMINAL,NONE
37,NOMINAL,NONE
38,NOMINAL,NONE
39,NOMINAL,NONE
40,NOMINAL,NONE
41,NOMINAL,NONE
42,NOMINAL,NONE
43,NOMINAL,NONE
44,NOMINAL,NONE
45,NOMINAL,NONE
46,NOMINAL,NONE
47,NOMINAL,NONE
48,NOMINAL,NONE
49,NOMINAL,NONE
50,NOMINAL,NONE
51,NOMINAL,NONE
52,NOMINAL,NONE
53,NOMINAL,NONE
54,NOMINAL,NONE
55,NOMINAL,NONE
56,NOMINAL,NONE
57,NOMINAL,NONE
58,NOMINAL,NONE
59,NOMINAL,NONE
60,NOMINAL,NONE
61,NOMINAL,NONE
62,NOMINAL,NONE
63,NOMINAL,NONE
64,NOMINAL,NONE
65,NOMINAL,NONE
66,NOMINAL,NONE
67,NOMINAL,NONE
68,NOMINAL,NONE
69,NOMINAL,NONE
70,NOMINAL,NONE
71,NOMINAL,NONE
72,NOMINAL,NONE
73,NOMINAL,NONE
74,NOMINAL,NONE
75,NOMINAL,NONE
76,NOMINAL,NONE
77,NOMINAL,NONE
78,NOMINAL,NONE
79,NOMINAL,NONE
80,NOMINAL,NONE
81,NOMINAL,NONE
82,NOMINAL,NONE
83,NOMINAL,NONE
84,NOMINAL,NONE
85,NOMINAL,NONE
86,NOMINAL,NONE
87,NOMINAL,NONE
88,NOMINAL,NONE
89,NOMINAL,NONE
90,NOMINAL,NONE
91,NOMINAL,NONE
92,NOMINAL,NONE
93,NOMINAL,NONE
94,NOMINAL,NONE
95,NOMINAL,NONE
96,NOMINAL,NONE
97,NOMINAL,NONE
98,NOMINAL,NONE
99,NOMINAL,NONE
100,NOMINAL,NONE
101,NOMINAL,NONE
102,NOMINAL,NONE
103,NOMINAL,NONE
104,NOMINAL,NONE
105,NOMINAL,NONE
106,NOMINAL,NONE
107,NOMINAL,NONE
108,NOMINAL,NONE
109,NOMINAL,NONE
110,NOMINAL,NONE
111,NOMINAL,NONE
112,NOMINAL,NONE
113,NOMINAL,NONE
114,NOMINAL,NONE
115,NOMINAL,NONE
116,NOMINAL,NONE
117,NOMINAL,NONE
118,NOMINAL,NONE
119,NOMINAL,NONE
120,NOMINAL,NONE
121,NOMINAL,NONE
122,NOMINAL,NONE
123,NOMINAL,NONE
124,NOMINAL,NONE
125,NOMINAL,NONE
126,NOMINAL,NONE
127,NOMINAL,NONE
128,NOMINAL,NONE
129,NOMINAL,NONE
130,NOMINAL,NONE
131,NOMINAL,NONE
132,NOMINAL,NONE
133,NOMINAL,NONE
134,NOMINAL,NONE
135,NOMINAL,NONE
136,NOMINAL,NONE
137,NOMINAL,NONE
138,NOMINAL,NONE
139,NOMINAL,NONE
140,NOMINAL,NONE
141,NOMINAL,NONE
142,NOMINAL,NONE
143,NOMINAL,NONE
144,NOMINAL,NONE
145,NOMINAL,NONE
146,NOMINAL,NONE
147,NOMINAL,NONE
148,NOMINAL,NONE
149,NOMINAL,NONE
150,NOMINAL,NONE
151,NOMINAL,NONE
152,NOMINAL,NONE
153,NOMINAL,NONE
154,NOMINAL,NONE
155,NOMINAL,NONE
156,NOMINAL,NONE
157,NOMINAL,NONE
158,NOMINAL,NONE
159,NOMINAL,NONE
160,NOMINAL,NONE
161,NOMINAL,NONE
162,NOMINAL,NONE
163,NOMINAL,NONE
164,NOMINAL,NONE
165,NOMINAL,NONE
166,NOMINAL,NONE
167,NOMINAL,NONE
168,NOMINAL,NONE
169,NOMINAL,NONE
170,NOMINAL,NONE
171,NOMINAL,NONE
172,NOMINAL,NONE
173,NOMINAL,NONE
174,NOMINAL,NONE
175,NOMINAL,NONE
176,NOMINAL,NONE
177,NOMINAL,NONE
178,NOMINAL,NONE
179,NOMINAL,NONE
180,NOMINAL,NONE
181,NOMINAL,NONE
182,NOMINAL,NONE
183,NOMINAL,NONE
184,NOMINAL,NONE
185,NOMINAL,NONE
186,NOMINAL,NONE
187,NOMINAL,NONE
188,NOMINAL,NONE
189,NOMINAL,NONE
190,NOMINAL,NONE
191,NOMINAL,NONE
192,NOMINAL,NONE
193,NOMINAL,NONE
194,NOMINAL,NONE
195,NOMINAL,NONE
196,NOMINAL,NONE
197,NOMINAL,NONE
198,NOMINAL,NONE
199,NOMINAL,NONE
200,NOMINAL,NONE
201,NOMINAL,NONE
202,NOMINAL,NONE
203,NOMINAL,NONE
204,NOMINAL,NONE
205,NOMINAL,NONE
206,NOMINAL,NONE
207,NOMINAL,NONE
208,NOMINAL,NONE
209,NOMINAL,NONE
210,NOMINAL,NONE
211,NOMINAL,NONE
212,NOMINAL,NONE
213,NOMINAL,NONE
214,NOMINAL,NONE
215,NOMINAL,NONE
216,NOMINAL,NONE
217,NOMINAL,NONE
218,NOMINAL,NONE
219,NOMINAL,NONE
220,NOMINAL,NONE
221,NOMINAL,NONE
222,NOMINAL,NONE
223,NOMINAL,NONE
224,NOMINAL,NONE
225,NOMINAL,NONE
226,NOMINAL,NONE
227,NOMINAL,NONE
228,NOMINAL,NONE
229,NOMINAL,NONE
230,NOMINAL,NONE
231,NOMINAL,NONE
232,NOMINAL,NONE
233,NOMINAL,NONE
234,NOMINAL,NONE
235,NOMINAL,NONE
236,NOMINAL,NONE
237,NOMINAL,NONE
238,NOMINAL,NONE
239,NOMINAL,NONE
240,NOMINAL,NONE
241,NOMINAL,NONE
242,NOMINAL,NONE
243,NOMINAL,NONE
244,NOMINAL,NONE
245,NOMINAL,NONE
246,NOMINAL,NONE
247,NOMINAL,NONE
248,NOMINAL,NONE
249,NOMINAL,NONE
250,NOMINAL,NONE
251,NOMINAL,NONE
252,NOMINAL,NONE
253,NOMINAL,NONE
254,NOMINAL,NONE
255,NOMINAL,NONE
256,NOMINAL,NONE
257,NOMINAL,NONE
258,NOMINAL,NONE
259,NOMINAL,NONE
260,NOMINAL,NONE
261,NOMINAL,NONE
262,NOMINAL,NONE
263,NOMINAL,NONE
264,NOMINAL,NONE
265,NOMINAL,NONE
266,NOMINAL,NONE
267,NOMINAL,NONE
268,NOMINAL,NONE
269,NOMINAL,NONE
270,NOMINAL,NONE
271,NOMINAL,NONE
272,NOMINAL,NONE
273,NOMINAL,NONE
274,NOMINAL,NONE
275,NOMINAL,NONE
276,NOMINAL,NONE
277,NOMINAL,NONE
278,NOMINAL,NONE
279,NOMINAL,NONE
280,NOMINAL,NONE
281,NOMINAL,NONE
282,NOMINAL,NONE
283,NOMINAL,NONE
284,NOMINAL,NONE
285,NOMINAL,NONE
286,NOMINAL,NONE
287,NOMINAL,NONE
288,NOMINAL,NONE
289,NOMINAL,NONE
290,NOMINAL,NONE
291,NOMINAL,NONE
292,NOMINAL,NONE
293,NOMINAL,NONE
294,NOMINAL,NONE
295,NOMINAL,NONE
296,NOMINAL,NONE
297,NOMINAL,NONE
298,NOMINAL,NONE
299,NOMINAL,NONE
300,NOMINAL,NONE
301,NOMINAL,NONE
302,NOMINAL,NONE
303,NOMINAL,NONE
304,NOMINAL,NONE
305,NOMINAL,NONE
306,NOMINAL,NONE
307,NOMINAL,NONE
308,NOMINAL,NONE
309,NOMINAL,NONE
310,NOMINAL,NONE
311,NOMINAL,NONE
312,NOMINAL,NONE
313,NOMINAL,NONE
314,NOMINAL,NONE
315,NOMINAL,NONE
316,NOMINAL,NONE
317,NOMINAL,NONE
318,NOMINAL,NONE
319,NOMINAL,NONE
320,NOMINAL,NONE
321,NOMINAL,NONE
322,NOMINAL,NONE
323,NOMINAL,NONE
324,NOMINAL,NONE
325,NOMINAL,NONE
326,NOMINAL,NONE
327,NOMINAL,NONE
328,NOMINAL,NONE
329,NOMINAL,NONE
330,NOMINAL,NONE
331,DEGRADED,VOLTAGE_LOSS
332,DEGRADED,VOLTAGE_LOSS
333,DEGRADED,VOLTAGE_LOSS
334,DEGRADED,VOLTAGE_LOSS
335,DEGRADED,VOLTAGE_LOSS
336,DEGRADED,VOLTAGE_LOSS
337,DEGRADED,VOLTAGE_LOSS
338,DEGRADED,VOLTAGE_LOSS
339,DEGRADED,VOLTAGE_LOSS
340,DEGRADED,VOLTAGE_LOSS
341,DEGRADED,VOLTAGE_LOSS
342,DEGRADED,VOLTAGE_LOSS
343,DEGRADED,VOLTAGE_LOSS
344,DEGRADED,VOLTAGE_LOSS
345,DEGRADED,VOLTAGE_LOSS
346,DEGRADED,VOLTAGE_LOSS
347,DEGRADED,VOLTAGE_LOSS
348,DEGRADED,VOLTAGE_LOSS
349,DEGRADED,VOLTAGE_LOSS
350,DEGRADED,VOLTAGE_LOSS
351,DEGRADED,VOLTAGE_LOSS
352,DEGRADED,VOLTAGE_LOSS
353,DEGRADED,VOLTAGE_LOSS
354,DEGRADED,VOLTAGE_LOSS
355,DEGRADED,VOLTAGE_LOSS
356,DEGRADED,VOLTAGE_LOSS
357,DEGRADED,VOLTAGE_LOSS
358,DEGRADED,VOLTAGE_LOSS
359,DEGRADED,VOLTAGE_LOSS
360,DEGRADED,VOLTAGE_LOSS
361,DEGRADED,VOLTAGE_LOSS
362,DEGRADED,VOLTAGE_LOSS
363,DEGRADED,VOLTAGE_LOSS
364,DEGRADED,VOLTAGE_LOSS
365,DEGRADED,VOLTAGE_LOSS
366,DEGRADED,VOLTAGE_LOSS
367,DEGRADED,VOLTAGE_LOSS
368,DEGRADED,VOLTAGE_LOSS
369,DEGRADED,VOLTAGE_LOSS
370,DEGRADED,VOLTAGE_LOSS
371,DEGRADED,VOLTAGE_LOSS
372,DEGRADED,VOLTAGE_LOSS
373,DEGRADED,VOLTAGE_LOSS
374,DEGRADED,VOLTAGE_LOSS
375,DEGRADED,VOLTAGE_LOSS
376,DEGRADED,VOLTAGE_LOSS
377,DEGRADED,VOLTAGE_LOSS
378,DEGRADED,VOLTAGE_LOSS
379,DEGRADED,VOLTAGE_LOSS
380,DEGRADED,VOLTAGE_LOSS
381,DEGRADED,VOLTAGE_LOSS
382,DEGRADED,VOLTAGE_LOSS
383,DEGRADED,VOLTAGE_LOSS
384,DEGRADED,VOLTAGE_LOSS
385,DEGRADED,VOLTAGE_LOSS
386,DEGRADED,VOLTAGE_LOSS
387,DEGRADED,VOLTAGE_LOSS
388,DEGRADED,VOLTAGE_LOSS
389,DEGRADED,VOLTAGE_LOSS
390,DEGRADED,VOLTAGE_LOSS
391,DEGRADED,VOLTAGE_LOSS
392,DEGRADED,VOLTAGE_LOSS
393,DEGRADED,VOLTAGE_LOSS
394,DEGRADED,VOLTAGE_LOSS
395,DEGRADED,VOLTAGE_LOSS
396,DEGRADED,VOLTAGE_LOSS
397,DEGRADED,VOLTAGE_LOSS
398,DEGRADED,VOLTAGE_LOSS
399,DEGRADED,VOLTAGE_LOSS
400,DEGRADED,VOLTAGE_LOSS
401,DEGRADED,VOLTAGE_LOSS
402,DEGRADED,VOLTAGE_LOSS
403,DEGRADED,VOLTAGE_LOSS
404,DEGRADED,VOLTAGE_LOSS
405,DEGRADED,VOLTAGE_LOSS
406,DEGRADED,VOLTAGE_LOSS
407,DEGRADED,VOLTAGE_LOSS
408,DEGRADED,VOLTAGE_LOSS
409,DEGRADED,VOLTAGE_LOSS
410,DEGRADED,VOLTAGE_LOSS
411,DEGRADED,VOLTAGE_LOSS
412,DEGRADED,VOLTAGE_LOSS
413,DEGRADED,VOLTAGE_LOSS
414,DEGRADED,VOLTAGE_LOSS
415,DEGRADED,VOLTAGE_LOSS
416,DEGRADED,VOLTAGE_LOSS
417,DEGRADED,VOLTAGE_LOSS
418,DEGRADED,VOLTAGE_LOSS
419,DEGRADED,VOLTAGE_LOSS
420,DEGRADED,VOLTAGE_LOSS
421,DEGRADED,VOLTAGE_LOSS
422,DEGRADED,VOLTAGE_LOSS
423,DEGRADED,VOLTAGE_LOSS
424,DEGRADED,VOLTAGE_LOSS
425,DEGRADED,VOLTAGE_LOSS
426,DEGRADED,VOLTAGE_LOSS
427,DEGRADED,VOLTAGE_LOSS
428,DEGRADED,VOLTAGE_LOSS
429,DEGRADED,VOLTAGE_LOSS
430,DEGRADED,VOLTAGE_LOSS
431,DEGRADED,VOLTAGE_LOSS
432,DEGRADED,VOLTAGE_LOSS
433,DEGRADED,VOLTAGE_LOSS
434,DEGRADED,VOLTAGE_LOSS
435,DEGRADED,VOLTAGE_LOSS
436,DEGRADED,VOLTAGE_LOSS
437,DEGRADED,VOLTAGE_LOSS
438,DEGRADED,VOLTAGE_LOSS
439,DEGRADED,VOLTAGE_LOSS
440,DEGRADED,VOLTAGE_LOSS
441,DEGRADED,VOLTAGE_LOSS
442,DEGRADED,VOLTAGE_LOSS
443,DEGRADED,VOLTAGE_LOSS
444,DEGRADED,VOLTAGE_LOSS
445,DEGRADED,VOLTAGE_LOSS
446,DEGRADED,VOLTAGE_LOSS
447,DEGRADED,VOLTAGE_LOSS
448,DEGRADED,VOLTAGE_LOSS
449,DEGRADED,VOLTAGE_LOSS
450,DEGRADED,VOLTAGE_LOSS
451,SAFE_MODE,HEARTBEAT_LOSS
452,SAFE_MODE,HEARTBEAT_LOSS
453,SAFE_MODE,HEARTBEAT_LOSS
454,SAFE_MODE,HEARTBEAT_LOSS
455,SAFE_MODE,HEARTBEAT_LOSS
456,SAFE_MODE,HEARTBEAT_LOSS
457,SAFE_MODE,HEARTBEAT_LOSS
458,SAFE_MODE,HEARTBEAT_LOSS
459,SAFE_MODE,HEARTBEAT_LOSS
460,SAFE_MODE,HEARTBEAT_LOSS
461,SAFE_MODE,HEARTBEAT_LOSS
462,SAFE_MODE,HEARTBEAT_LOSS
463,SAFE_MODE,HEARTBEAT_LOSS
464,SAFE_MODE,HEARTBEAT_LOSS
465,SAFE_MODE,HEARTBEAT_LOSS
466,SAFE_MODE,HEARTBEAT_LOSS
467,SAFE_MODE,HEARTBEAT_LOSS
468,SAFE_MODE,HEARTBEAT_LOSS
469,SAFE_MODE,HEARTBEAT_LOSS
470,SAFE_MODE,HEARTBEAT_LOSS
471,SAFE_MODE,HEARTBEAT_LOSS
472,SAFE_MODE,HEARTBEAT_LOSS
473,SAFE_MODE,HEARTBEAT_LOSS
474,SAFE_MODE,HEARTBEAT_LOSS
475,SAFE_MODE,HEARTBEAT_LOSS
476,SAFE_MODE,HEARTBEAT_LOSS
477,SAFE_MODE,HEARTBEAT_LOSS
478,SAFE_MODE,HEARTBEAT_LOSS
479,SAFE_MODE,HEARTBEAT_LOSS
480,SAFE_MODE,HEARTBEAT_LOSS
481,SAFE_MODE,HEARTBEAT_LOSS
482,SAFE_MODE,HEARTBEAT_LOSS
483,SAFE_MODE,HEARTBEAT_LOSS
484,SAFE_MODE,HEARTBEAT_LOSS
485,SAFE_MODE,HEARTBEAT_LOSS
486,SAFE_MODE,HEARTBEAT_LOSS
487,SAFE_MODE,HEARTBEAT_LOSS
488,SAFE_MODE,HEARTBEAT_LOSS
489,SAFE_MODE,HEARTBEAT_LOSS
490,SAFE_MODE,HEARTBEAT_LOSS
491,SAFE_MODE,HEARTBEAT_LOSS
492,SAFE_MODE,HEARTBEAT_LOSS
493,SAFE_MODE,HEARTBEAT_LOSS
494,SAFE_MODE,HEARTBEAT_LOSS
495,SAFE_MODE,HEARTBEAT_LOSS
496,SAFE_MODE,HEARTBEAT_LOSS
497,SAFE_MODE,HEARTBEAT_LOSS
498,SAFE_MODE,HEARTBEAT_LOSS
499,SAFE_MODE,HEARTBEAT_LOSS
500,SAFE_MODE,HEARTBEAT_LOSS
501,SAFE_MODE,HEARTBEAT_LOSS
502,SAFE_MODE,HEARTBEAT_LOSS
503,SAFE_MODE,HEARTBEAT_LOSS
504,SAFE_MODE,HEARTBEAT_LOSS
505,SAFE_MODE,HEARTBEAT_LOSS
506,SAFE_MODE,HEARTBEAT_LOSS
507,SAFE_MODE,HEARTBEAT_LOSS
508,SAFE_MODE,HEARTBEAT_LOSS
509,SAFE_MODE,HEARTBEAT_LOSS
510,SAFE_MODE,HEARTBEAT_LOSS
511,SAFE_MODE,HEARTBEAT_LOSS
512,SAFE_MODE,HEARTBEAT_LOSS
513,SAFE_MODE,HEARTBEAT_LOSS
514,SAFE_MODE,HEARTBEAT_LOSS
515,SAFE_MODE,HEARTBEAT_LOSS
516,SAFE_MODE,HEARTBEAT_LOSS
517,SAFE_MODE,HEARTBEAT_LOSS
518,SAFE_MODE,HEARTBEAT_LOSS
519,SAFE_MODE,HEARTBEAT_LOSS
520,SAFE_MODE,HEARTBEAT_LOSS
521,SAFE_MODE,HEARTBEAT_LOSS
522,SAFE_MODE,HEARTBEAT_LOSS
523,SAFE_MODE,HEARTBEAT_LOSS
524,SAFE_MODE,HEARTBEAT_LOSS
525,SAFE_MODE,HEARTBEAT_LOSS
526,SAFE_MODE,HEARTBEAT_LOSS
527,SAFE_MODE,HEARTBEAT_LOSS
528,SAFE_MODE,HEARTBEAT_LOSS
529,SAFE_MODE,HEARTBEAT_LOSS
530,SAFE_MODE,HEARTBEAT_LOSS
531,SAFE_MODE,HEARTBEAT_LOSS
532,SAFE_MODE,HEARTBEAT_LOSS
533,SAFE_MODE,HEARTBEAT_LOSS
534,SAFE_MODE,HEARTBEAT_LOSS
535,SAFE_MODE,HEARTBEAT_LOSS
536,SAFE_MODE,HEARTBEAT_LOSS
537,SAFE_MODE,HEARTBEAT_LOSS
538,SAFE_MODE,HEARTBEAT_LOSS
539,SAFE_MODE,HEARTBEAT_LOSS
540,SAFE_MODE,HEARTBEAT_LOSS
541,SAFE_MODE,HEARTBEAT_LOSS
542,SAFE_MODE,HEARTBEAT_LOSS
543,SAFE_MODE,HEARTBEAT_LOSS
544,SAFE_MODE,HEARTBEAT_LOSS
545,SAFE_MODE,HEARTBEAT_LOSS
546,SAFE_MODE,HEARTBEAT_LOSS
547,SAFE_MODE,HEARTBEAT_LOSS
548,SAFE_MODE,HEARTBEAT_LOSS
549,SAFE_MODE,HEARTBEAT_LOSS
550,SAFE_MODE,HEARTBEAT_LOSS
551,SAFE_MODE,HEARTBEAT_LOSS
552,SAFE_MODE,HEARTBEAT_LOSS
553,SAFE_MODE,HEARTBEAT_LOSS
554,SAFE_MODE,HEARTBEAT_LOSS
555,SAFE_MODE,HEARTBEAT_LOSS
556,SAFE_MODE,HEARTBEAT_LOSS
557,SAFE_MODE,HEARTBEAT_LOSS
558,SAFE_MODE,HEARTBEAT_LOSS
559,SAFE_MODE,HEARTBEAT_LOSS
560,SAFE_MODE,HEARTBEAT_LOSS
561,SAFE_MODE,HEARTBEAT_LOSS
562,SAFE_MODE,HEARTBEAT_LOSS
563,SAFE_MODE,HEARTBEAT_LOSS
564,SAFE_MODE,HEARTBEAT_LOSS
565,SAFE_MODE,HEARTBEAT_LOSS
566,SAFE_MODE,HEARTBEAT_LOSS
567,SAFE_MODE,HEARTBEAT_LOSS
568,SAFE_MODE,HEARTBEAT_LOSS
569,SAFE_MODE,HEARTBEAT_LOSS
570,SAFE_MODE,HEARTBEAT_LOSS
571,SAFE_MODE,HEARTBEAT_LOSS
572,SAFE_MODE,HEARTBEAT_LOSS
573,SAFE_MODE,HEARTBEAT_LOSS
574,SAFE_MODE,HEARTBEAT_LOSS
575,SAFE_MODE,HEARTBEAT_LOSS
576,SAFE_MODE,HEARTBEAT_LOSS
577,SAFE_MODE,HEARTBEAT_LOSS
578,SAFE_MODE,HEARTBEAT_LOSS
579,SAFE_MODE,HEARTBEAT_LOSS
580,SAFE_MODE,HEARTBEAT_LOSS
581,SAFE_MODE,HEARTBEAT_LOSS
582,SAFE_MODE,HEARTBEAT_LOSS
583,SAFE_MODE,HEARTBEAT_LOSS
584,SAFE_MODE,HEARTBEAT_LOSS
585,SAFE_MODE,HEARTBEAT_LOSS
586,SAFE_MODE,HEARTBEAT_LOSS
587,SAFE_MODE,HEARTBEAT_LOSS
588,SAFE_MODE,HEARTBEAT_LOSS
589,SAFE_MODE,HEARTBEAT_LOSS
590,SAFE_MODE,HEARTBEAT_LOSS
591,SAFE_MODE,HEARTBEAT_LOSS
592,SAFE_MODE,HEARTBEAT_LOSS
593,SAFE_MODE,HEARTBEAT_LOSS
594,SAFE_MODE,HEARTBEAT_LOSS
595,SAFE_MODE,HEARTBEAT_LOSS
596,SAFE_MODE,HEARTBEAT_LOSS
597,SAFE_MODE,HEARTBEAT_LOSS
598,SAFE_MODE,HEARTBEAT_LOSS
599,SAFE_MODE,HEARTBEAT_LOSS
600,SAFE_MODE,HEARTBEAT_LOSS
601,SAFE_MODE,HEARTBEAT_LOSS
602,SAFE_MODE,HEARTBEAT_LOSS
603,SAFE_MODE,HEARTBEAT_LOSS
604,SAFE_MODE,HEARTBEAT_LOSS
605,SAFE_MODE,HEARTBEAT_LOSS
606,SAFE_MODE,HEARTBEAT_LOSS
607,SAFE_MODE,HEARTBEAT_LOSS
608,SAFE_MODE,HEARTBEAT_LOSS
609,SAFE_MODE,HEARTBEAT_LOSS
610,SAFE_MODE,HEARTBEAT_LOSS
611,SAFE_MODE,HEARTBEAT_LOSS
612,SAFE_MODE,HEARTBEAT_LOSS
613,SAFE_MODE,HEARTBEAT_LOSS
614,SAFE_MODE,HEARTBEAT_LOSS
615,SAFE_MODE,HEARTBEAT_LOSS
616,SAFE_MODE,HEARTBEAT_LOSS
617,SAFE_MODE,HEARTBEAT_LOSS
618,SAFE_MODE,HEARTBEAT_LOSS
619,SAFE_MODE,HEARTBEAT_LOSS
620,SAFE_MODE,HEARTBEAT_LOSS
621,SAFE_MODE,HEARTBEAT_LOSS
622,SAFE_MODE,HEARTBEAT_LOSS
623,SAFE_MODE,HEARTBEAT_LOSS
624,SAFE_MODE,HEARTBEAT_LOSS
625,SAFE_MODE,HEARTBEAT_LOSS
626,SAFE_MODE,HEARTBEAT_LOSS
627,SAFE_MODE,HEARTBEAT_LOSS
628,SAFE_MODE,HEARTBEAT_LOSS
629,SAFE_MODE,HEARTBEAT_LOSS
630,SAFE_MODE,HEARTBEAT_LOSS
631,SAFE_MODE,HEARTBEAT_LOSS
632,SAFE_MODE,HEARTBEAT_LOSS
633,SAFE_MODE,HEARTBEAT_LOSS
634,SAFE_MODE,HEARTBEAT_LOSS
635,SAFE_MODE,HEARTBEAT_LOSS
636,SAFE_MODE,HEARTBEAT_LOSS
637,SAFE_MODE,HEARTBEAT_LOSS
638,SAFE_MODE,HEARTBEAT_LOSS
639,SAFE_MODE,HEARTBEAT_LOSS
640,SAFE_MODE,HEARTBEAT_LOSS
641,SAFE_MODE,HEARTBEAT_LOSS
642,SAFE_MODE,HEARTBEAT_LOSS
643,SAFE_MODE,HEARTBEAT_LOSS
644,SAFE_MODE,HEARTBEAT_LOSS
645,SAFE_MODE,HEARTBEAT_LOSS
646,SAFE_MODE,HEARTBEAT_LOSS
647,SAFE_MODE,HEARTBEAT_LOSS
648,SAFE_MODE,HEARTBEAT_LOSS
649,SAFE_MODE,HEARTBEAT_LOSS
650,SAFE_MODE,HEARTBEAT_LOSS
651,SAFE_MODE,HEARTBEAT_LOSS
652,SAFE_MODE,HEARTBEAT_LOSS
653,SAFE_MODE,HEARTBEAT_LOSS
654,SAFE_MODE,HEARTBEAT_LOSS
655,SAFE_MODE,HEARTBEAT_LOSS
656,SAFE_MODE,HEARTBEAT_LOSS
657,SAFE_MODE,HEARTBEAT_LOSS
658,SAFE_MODE,HEARTBEAT_LOSS
659,SAFE_MODE,HEARTBEAT_LOSS
660,SAFE_MODE,HEARTBEAT_LOSS
661,SAFE_MODE,HEARTBEAT_LOSS
662,SAFE_MODE,HEARTBEAT_LOSS
663,SAFE_MODE,HEARTBEAT_LOSS
664,SAFE_MODE,HEARTBEAT_LOSS
665,SAFE_MODE,HEARTBEAT_LOSS
666,SAFE_MODE,HEARTBEAT_LOSS
667,SAFE_MODE,HEARTBEAT_LOSS
668,SAFE_MODE,HEARTBEAT_LOSS
669,SAFE_MODE,HEARTBEAT_LOSS
670,SAFE_MODE,HEARTBEAT_LOSS
671,SAFE_MODE,HEARTBEAT_LOSS
672,SAFE_MODE,HEARTBEAT_LOSS
673,SAFE_MODE,HEARTBEAT_LOSS
674,SAFE_MODE,HEARTBEAT_LOSS
675,SAFE_MODE,HEARTBEAT_LOSS
676,SAFE_MODE,HEARTBEAT_LOSS
677,SAFE_MODE,HEARTBEAT_LOSS
678,SAFE_MODE,HEARTBEAT_LOSS
679,SAFE_MODE,HEARTBEAT_LOSS
680,SAFE_MODE,HEARTBEAT_LOSS
681,SAFE_MODE,HEARTBEAT_LOSS
682,SAFE_MODE,HEARTBEAT_LOSS
683,SAFE_MODE,HEARTBEAT_LOSS
684,SAFE_MODE,HEARTBEAT_LOSS
685,SAFE_MODE,HEARTBEAT_LOSS
686,SAFE_MODE,HEARTBEAT_LOSS
687,SAFE_MODE,HEARTBEAT_LOSS
688,SAFE_MODE,HEARTBEAT_LOSS
689,SAFE_MODE,HEARTBEAT_LOSS
690,SAFE_MODE,HEARTBEAT_LOSS
691,SAFE_MODE,HEARTBEAT_LOSS
692,SAFE_MODE,HEARTBEAT_LOSS
693,SAFE_MODE,HEARTBEAT_LOSS
694,SAFE_MODE,HEARTBEAT_LOSS
695,SAFE_MODE,HEARTBEAT_LOSS
696,SAFE_MODE,HEARTBEAT_LOSS
697,SAFE_MODE,HEARTBEAT_LOSS
698,SAFE_MODE,HEARTBEAT_LOSS
699,SAFE_MODE,HEARTBEAT_LOSS
700,SAFE_MODE,HEARTBEAT_LOSS
701,SAFE_MODE,HEARTBEAT_LOSS
702,SAFE_MODE,HEARTBEAT_LOSS
703,SAFE_MODE,HEARTBEAT_LOSS
704,SAFE_MODE,HEARTBEAT_LOSS
705,SAFE_MODE,HEARTBEAT_LOSS
706,SAFE_MODE,HEARTBEAT_LOSS
707,SAFE_MODE,HEARTBEAT_LOSS
708,SAFE_MODE,HEARTBEAT_LOSS
709,SAFE_MODE,HEARTBEAT_LOSS
710,SAFE_MODE,HEARTBEAT_LOSS
711,SAFE_MODE,HEARTBEAT_LOSS
712,SAFE_MODE,HEARTBEAT_LOSS
713,SAFE_MODE,HEARTBEAT_LOSS
714,SAFE_MODE,HEARTBEAT_LOSS
715,SAFE_MODE,HEARTBEAT_LOSS
716,SAFE_MODE,HEARTBEAT_LOSS
717,SAFE_MODE,HEARTBEAT_LOSS
718,SAFE_MODE,HEARTBEAT_LOSS
719,SAFE_MODE,HEARTBEAT_LOSS
720,SAFE_MODE,HEARTBEAT_LOSS
721,SAFE_MODE,HEARTBEAT_LOSS
722,SAFE_MODE,HEARTBEAT_LOSS
723,SAFE_MODE,HEARTBEAT_LOSS
724,SAFE_MODE,HEARTBEAT_LOSS
725,SAFE_MODE,HEARTBEAT_LOSS
726,SAFE_MODE,HEARTBEAT_LOSS
727,SAFE_MODE,HEARTBEAT_LOSS
728,SAFE_MODE,HEARTBEAT_LOSS
729,SAFE_MODE,HEARTBEAT_LOSS
730,SAFE_MODE,HEARTBEAT_LOSS
731,SAFE_MODE,HEARTBEAT_LOSS
732,SAFE_MODE,HEARTBEAT_LOSS
733,SAFE_MODE,HEARTBEAT_LOSS
734,SAFE_MODE,HEARTBEAT_LOSS
735,SAFE_MODE,HEARTBEAT_LOSS
736,SAFE_MODE,HEARTBEAT_LOSS
737,SAFE_MODE,HEARTBEAT_LOSS
738,SAFE_MODE,HEARTBEAT_LOSS
739,SAFE_MODE,HEARTBEAT_LOSS
740,SAFE_MODE,HEARTBEAT_LOSS
741,SAFE_MODE,HEARTBEAT_LOSS
742,SAFE_MODE,HEARTBEAT_LOSS
743,SAFE_MODE,HEARTBEAT_LOSS
744,SAFE_MODE,HEARTBEAT_LOSS
745,SAFE_MODE,HEARTBEAT_LOSS
746,SAFE_MODE,HEARTBEAT_LOSS
747,SAFE_MODE,HEARTBEAT_LOSS
748,SAFE_MODE,HEARTBEAT_LOSS
749,SAFE_MODE,HEARTBEAT_LOSS
750,SAFE_MODE,HEARTBEAT_LOSS
751,SAFE_MODE,HEARTBEAT_LOSS
752,SAFE_MODE,HEARTBEAT_LOSS
753,SAFE_MODE,HEARTBEAT_LOSS
754,SAFE_MODE,HEARTBEAT_LOSS
755,SAFE_MODE,HEARTBEAT_LOSS
756,SAFE_MODE,HEARTBEAT_LOSS
757,SAFE_MODE,HEARTBEAT_LOSS
758,SAFE_MODE,HEARTBEAT_LOSS
759,SAFE_MODE,HEARTBEAT_LOSS
760,SAFE_MODE,HEARTBEAT_LOSS
761,SAFE_MODE,HEARTBEAT_LOSS
762,SAFE_MODE,HEARTBEAT_LOSS
763,SAFE_MODE,HEARTBEAT_LOSS
764,SAFE_MODE,HEARTBEAT_LOSS
765,SAFE_MODE,HEARTBEAT_LOSS
766,SAFE_MODE,HEARTBEAT_LOSS
767,SAFE_MODE,HEARTBEAT_LOSS
768,SAFE_MODE,HEARTBEAT_LOSS
769,SAFE_MODE,HEARTBEAT_LOSS
770,SAFE_MODE,HEARTBEAT_LOSS
771,SAFE_MODE,HEARTBEAT_LOSS
772,SAFE_MODE,HEARTBEAT_LOSS
773,SAFE_MODE,HEARTBEAT_LOSS
774,SAFE_MODE,HEARTBEAT_LOSS
775,SAFE_MODE,HEARTBEAT_LOSS
776,SAFE_MODE,HEARTBEAT_LOSS
777,SAFE_MODE,HEARTBEAT_LOSS
778,SAFE_MODE,HEARTBEAT_LOSS
779,SAFE_MODE,HEARTBEAT_LOSS
780,SAFE_MODE,HEARTBEAT_LOSS
781,SAFE_MODE,HEARTBEAT_LOSS
782,SAFE_MODE,HEARTBEAT_LOSS
783,SAFE_MODE,HEARTBEAT_LOSS
784,SAFE_MODE,HEARTBEAT_LOSS
785,SAFE_MODE,HEARTBEAT_LOSS
786,SAFE_MODE,HEARTBEAT_LOSS
787,SAFE_MODE,HEARTBEAT_LOSS
788,SAFE_MODE,HEARTBEAT_LOSS
789,SAFE_MODE,HEARTBEAT_LOSS
790,SAFE_MODE,HEARTBEAT_LOSS
791,SAFE_MODE,HEARTBEAT_LOSS
792,SAFE_MODE,HEARTBEAT_LOSS
793,SAFE_MODE,HEARTBEAT_LOSS
794,SAFE_MODE,HEARTBEAT_LOSS
795,SAFE_MODE,HEARTBEAT_LOSS
796,SAFE_MODE,HEARTBEAT_LOSS
797,SAFE_MODE,HEARTBEAT_LOSS
798,SAFE_MODE,HEARTBEAT_LOSS
799,SAFE_MODE,HEARTBEAT_LOSS
800,SAFE_MODE,HEARTBEAT_LOSS
801,SAFE_MODE,HEARTBEAT_LOSS
802,SAFE_MODE,HEARTBEAT_LOSS
803,SAFE_MODE,HEARTBEAT_LOSS
804,SAFE_MODE,HEARTBEAT_LOSS
805,SAFE_MODE,HEARTBEAT_LOSS
806,SAFE_MODE,HEARTBEAT_LOSS
807,SAFE_MODE,HEARTBEAT_LOSS
808,SAFE_MODE,HEARTBEAT_LOSS
809,SAFE_MODE,HEARTBEAT_LOSS
810,SAFE_MODE,HEARTBEAT_LOSS
811,SAFE_MODE,HEARTBEAT_LOSS
812,SAFE_MODE,HEARTBEAT_LOSS
813,SAFE_MODE,HEARTBEAT_LOSS
814,SAFE_MODE,HEARTBEAT_LOSS
815,SAFE_MODE,HEARTBEAT_LOSS
816,SAFE_MODE,HEARTBEAT_LOSS
817,SAFE_MODE,HEARTBEAT_LOSS
818,SAFE_MODE,HEARTBEAT_LOSS
819,SAFE_MODE,HEARTBEAT_LOSS
820,SAFE_MODE,HEARTBEAT_LOSS
821,SAFE_MODE,HEARTBEAT_LOSS
822,SAFE_MODE,HEARTBEAT_LOSS
823,SAFE_MODE,HEARTBEAT_LOSS
824,SAFE_MODE,HEARTBEAT_LOSS
825,SAFE_MODE,HEARTBEAT_LOSS
826,SAFE_MODE,HEARTBEAT_LOSS
827,SAFE_MODE,HEARTBEAT_LOSS
828,SAFE_MODE,HEARTBEAT_LOSS
829,SAFE_MODE,HEARTBEAT_LOSS
830,SAFE_MODE,HEARTBEAT_LOSS
831,SAFE_MODE,HEARTBEAT_LOSS
832,SAFE_MODE,HEARTBEAT_LOSS
833,SAFE_MODE,HEARTBEAT_LOSS
834,SAFE_MODE,HEARTBEAT_LOSS
835,SAFE_MODE,HEARTBEAT_LOSS
836,SAFE_MODE,HEARTBEAT_LOSS
837,SAFE_MODE,HEARTBEAT_LOSS
838,SAFE_MODE,HEARTBEAT_LOSS
839,SAFE_MODE,HEARTBEAT_LOSS
840,SAFE_MODE,HEARTBEAT_LOSS
841,SAFE_MODE,HEARTBEAT_LOSS
842,SAFE_MODE,HEARTBEAT_LOSS
843,SAFE_MODE,HEARTBEAT_LOSS
844,SAFE_MODE,HEARTBEAT_LOSS
845,SAFE_MODE,HEARTBEAT_LOSS
846,SAFE_MODE,HEARTBEAT_LOSS
847,SAFE_MODE,HEARTBEAT_LOSS
848,SAFE_MODE,HEARTBEAT_LOSS
849,SAFE_MODE,HEARTBEAT_LOSS
850,SAFE_MODE,HEARTBEAT_LOSS
851,SAFE_MODE,HEARTBEAT_LOSS
852,SAFE_MODE,HEARTBEAT_LOSS
853,SAFE_MODE,HEARTBEAT_LOSS
854,SAFE_MODE,HEARTBEAT_LOSS
855,SAFE_MODE,HEARTBEAT_LOSS
856,SAFE_MODE,HEARTBEAT_LOSS
857,SAFE_MODE,HEARTBEAT_LOSS
858,SAFE_MODE,HEARTBEAT_LOSS
859,SAFE_MODE,HEARTBEAT_LOSS
860,SAFE_MODE,HEARTBEAT_LOSS
861,SAFE_MODE,HEARTBEAT_LOSS
862,SAFE_MODE,HEARTBEAT_LOSS
863,SAFE_MODE,HEARTBEAT_LOSS
864,SAFE_MODE,HEARTBEAT_LOSS
865,SAFE_MODE,HEARTBEAT_LOSS
866,SAFE_MODE,HEARTBEAT_LOSS
867,SAFE_MODE,HEARTBEAT_LOSS
868,SAFE_MODE,HEARTBEAT_LOSS
869,SAFE_MODE,HEARTBEAT_LOSS
870,SAFE_MODE,HEARTBEAT_LOSS
871,SAFE_MODE,HEARTBEAT_LOSS
872,SAFE_MODE,HEARTBEAT_LOSS
873,SAFE_MODE,HEARTBEAT_LOSS
874,SAFE_MODE,HEARTBEAT_LOSS
875,SAFE_MODE,HEARTBEAT_LOSS
876,SAFE_MODE,HEARTBEAT_LOSS
877,SAFE_MODE,HEARTBEAT_LOSS
878,SAFE_MODE,HEARTBEAT_LOSS
879,SAFE_MODE,HEARTBEAT_LOSS
880,SAFE_MODE,HEARTBEAT_LOSS
881,SAFE_MODE,HEARTBEAT_LOSS
882,SAFE_MODE,HEARTBEAT_LOSS
883,SAFE_MODE,HEARTBEAT_LOSS
884,SAFE_MODE,HEARTBEAT_LOSS
885,SAFE_MODE,HEARTBEAT_LOSS
886,SAFE_MODE,HEARTBEAT_LOSS
887,SAFE_MODE,HEARTBEAT_LOSS
888,SAFE_MODE,HEARTBEAT_LOSS
889,SAFE_MODE,HEARTBEAT_LOSS
890,SAFE_MODE,HEARTBEAT_LOSS
891,SAFE_MODE,HEARTBEAT_LOSS
892,SAFE_MODE,HEARTBEAT_LOSS
893,SAFE_MODE,HEARTBEAT_LOSS
894,SAFE_MODE,HEARTBEAT_LOSS
895,SAFE_MODE,HEARTBEAT_LOSS
896,SAFE_MODE,HEARTBEAT_LOSS
897,SAFE_MODE,HEARTBEAT_LOSS
898,SAFE_MODE,HEARTBEAT_LOSS
899,SAFE_MODE,HEARTBEAT_LOSS
900,SAFE_MODE,HEARTBEAT_LOSS
901,SAFE_MODE,HEARTBEAT_LOSS
902,SAFE_MODE,HEARTBEAT_LOSS
903,SAFE_MODE,HEARTBEAT_LOSS
904,SAFE_MODE,HEARTBEAT_LOSS
905,SAFE_MODE,HEARTBEAT_LOSS
906,SAFE_MODE,HEARTBEAT_LOSS
907,SAFE_MODE,HEARTBEAT_LOSS
908,SAFE_MODE,HEARTBEAT_LOSS
909,SAFE_MODE,HEARTBEAT_LOSS
910,SAFE_MODE,HEARTBEAT_LOSS
911,SAFE_MODE,HEARTBEAT_LOSS
912,SAFE_MODE,HEARTBEAT_LOSS
913,SAFE_MODE,HEARTBEAT_LOSS
914,SAFE_MODE,HEARTBEAT_LOSS
915,SAFE_MODE,HEARTBEAT_LOSS
916,SAFE_MODE,HEARTBEAT_LOSS
917,SAFE_MODE,HEARTBEAT_LOSS
918,SAFE_MODE,HEARTBEAT_LOSS
919,SAFE_MODE,HEARTBEAT_LOSS
920,SAFE_MODE,HEARTBEAT_LOSS
921,SAFE_MODE,HEARTBEAT_LOSS
922,SAFE_MODE,HEARTBEAT_LOSS
923,SAFE_MODE,HEARTBEAT_LOSS
924,SAFE_MODE,HEARTBEAT_LOSS
925,SAFE_MODE,HEARTBEAT_LOSS
926,SAFE_MODE,HEARTBEAT_LOSS
927,SAFE_MODE,HEARTBEAT_LOSS
928,SAFE_MODE,HEARTBEAT_LOSS
929,SAFE_MODE,HEARTBEAT_LOSS
930,SAFE_MODE,HEARTBEAT_LOSS
931,SAFE_MODE,HEARTBEAT_LOSS
932,SAFE_MODE,HEARTBEAT_LOSS
933,SAFE_MODE,HEARTBEAT_LOSS
934,SAFE_MODE,HEARTBEAT_LOSS
935,SAFE_MODE,HEARTBEAT_LOSS
936,SAFE_MODE,HEARTBEAT_LOSS
937,SAFE_MODE,HEARTBEAT_LOSS
938,SAFE_MODE,HEARTBEAT_LOSS
939,SAFE_MODE,HEARTBEAT_LOSS
940,SAFE_MODE,HEARTBEAT_LOSS
941,SAFE_MODE,HEARTBEAT_LOSS
942,SAFE_MODE,HEARTBEAT_LOSS
943,SAFE_MODE,HEARTBEAT_LOSS
944,SAFE_MODE,HEARTBEAT_LOSS
945,SAFE_MODE,HEARTBEAT_LOSS
946,SAFE_MODE,HEARTBEAT_LOSS
947,SAFE_MODE,HEARTBEAT_LOSS
948,SAFE_MODE,HEARTBEAT_LOSS
949,SAFE_MODE,HEARTBEAT_LOSS
950,SAFE_MODE,HEARTBEAT_LOSS
951,SAFE_MODE,HEARTBEAT_LOSS
952,SAFE_MODE,HEARTBEAT_LOSS
953,SAFE_MODE,HEARTBEAT_LOSS
954,SAFE_MODE,HEARTBEAT_LOSS
955,SAFE_MODE,HEARTBEAT_LOSS
956,SAFE_MODE,HEARTBEAT_LOSS
957,SAFE_MODE,HEARTBEAT_LOSS
958,SAFE_MODE,HEARTBEAT_LOSS
959,SAFE_MODE,HEARTBEAT_LOSS
960,SAFE_MODE,HEARTBEAT_LOSS
961,SAFE_MODE,HEARTBEAT_LOSS
962,SAFE_MODE,HEARTBEAT_LOSS
963,SAFE_MODE,HEARTBEAT_LOSS
964,SAFE_MODE,HEARTBEAT_LOSS
965,SAFE_MODE,HEARTBEAT_LOSS
966,SAFE_MODE,HEARTBEAT_LOSS
967,SAFE_MODE,HEARTBEAT_LOSS
968,SAFE_MODE,HEARTBEAT_LOSS
969,SAFE_MODE,HEARTBEAT_LOSS
970,SAFE_MODE,HEARTBEAT_LOSS
971,SAFE_MODE,HEARTBEAT_LOSS
972,SAFE_MODE,HEARTBEAT_LOSS
973,SAFE_MODE,HEARTBEAT_LOSS
974,SAFE_MODE,HEARTBEAT_LOSS
975,SAFE_MODE,HEARTBEAT_LOSS
976,SAFE_MODE,HEARTBEAT_LOSS
977,SAFE_MODE,HEARTBEAT_LOSS
978,SAFE_MODE,HEARTBEAT_LOSS
979,SAFE_MODE,HEARTBEAT_LOSS
980,SAFE_MODE,HEARTBEAT_LOSS
981,SAFE_MODE,HEARTBEAT_LOSS
982,SAFE_MODE,HEARTBEAT_LOSS
983,SAFE_MODE,HEARTBEAT_LOSS
984,SAFE_MODE,HEARTBEAT_LOSS
985,SAFE_MODE,HEARTBEAT_LOSS
986,SAFE_MODE,HEARTBEAT_LOSS
987,SAFE_MODE,HEARTBEAT_LOSS
988,SAFE_MODE,HEARTBEAT_LOSS
989,SAFE_MODE,HEARTBEAT_LOSS
990,SAFE_MODE,HEARTBEAT_LOSS
991,SAFE_MODE,HEARTBEAT_LOSS
992,SAFE_MODE,HEARTBEAT_LOSS
993,SAFE_MODE,HEARTBEAT_LOSS
994,SAFE_MODE,HEARTBEAT_LOSS
995,SAFE_MODE,HEARTBEAT_LOSS
996,SAFE_MODE,HEARTBEAT_LOSS
997,SAFE_MODE,HEARTBEAT_LOSS
998,SAFE_MODE,HEARTBEAT_LOSS
999,SAFE_MODE,HEARTBEAT_LOSS
1000,SAFE_MODE,HEARTBEAT_LOSS
1001,SAFE_MODE,HEARTBEAT_LOSS
1002,SAFE_MODE,HEARTBEAT_LOSS
1003,SAFE_MODE,HEARTBEAT_LOSS
1004,SAFE_MODE,HEARTBEAT_LOSS
1005,SAFE_MODE,HEARTBEAT_LOSS
1006,SAFE_MODE,HEARTBEAT_LOSS
1007,SAFE_MODE,HEARTBEAT_LOSS
1008,SAFE_MODE,HEARTBEAT_LOSS
1009,SAFE_MODE,HEARTBEAT_LOSS
1010,SAFE_MODE,HEARTBEAT_LOSS
1011,SAFE_MODE,HEARTBEAT_LOSS
1012,SAFE_MODE,HEARTBEAT_LOSS
1013,SAFE_MODE,HEARTBEAT_LOSS
1014,SAFE_MODE,HEARTBEAT_LOSS
1015,SAFE_MODE,HEARTBEAT_LOSS
1016,SAFE_MODE,HEARTBEAT_LOSS
1017,SAFE_MODE,HEARTBEAT_LOSS
1018,SAFE_MODE,HEARTBEAT_LOSS
1019,SAFE_MODE,HEARTBEAT_LOSS
1020,SAFE_MODE,HEARTBEAT_LOSS
1021,SAFE_MODE,HEARTBEAT_LOSS
1022,SAFE_MODE,HEARTBEAT_LOSS
1023,SAFE_MODE,HEARTBEAT_LOSS
1024,SAFE_MODE,HEARTBEAT_LOSS
1025,SAFE_MODE,HEARTBEAT_LOSS
1026,SAFE_MODE,HEARTBEAT_LOSS
1027,SAFE_MODE,HEARTBEAT_LOSS
1028,SAFE_MODE,HEARTBEAT_LOSS
1029,SAFE_MODE,HEARTBEAT_LOSS
1030,SAFE_MODE,HEARTBEAT_LOSS
1031,SAFE_MODE,HEARTBEAT_LOSS
1032,SAFE_MODE,HEARTBEAT_LOSS
1033,SAFE_MODE,HEARTBEAT_LOSS
1034,SAFE_MODE,HEARTBEAT_LOSS
1035,SAFE_MODE,HEARTBEAT_LOSS
1036,SAFE_MODE,HEARTBEAT_LOSS
1037,SAFE_MODE,HEARTBEAT_LOSS
1038,SAFE_MODE,HEARTBEAT_LOSS
1039,SAFE_MODE,HEARTBEAT_LOSS
1040,SAFE_MODE,HEARTBEAT_LOSS
1041,SAFE_MODE,HEARTBEAT_LOSS
1042,SAFE_MODE,HEARTBEAT_LOSS
1043,SAFE_MODE,HEARTBEAT_LOSS
1044,SAFE_MODE,HEARTBEAT_LOSS
1045,SAFE_MODE,HEARTBEAT_LOSS
1046,SAFE_MODE,HEARTBEAT_LOSS
1047,SAFE_MODE,HEARTBEAT_LOSS
1048,SAFE_MODE,HEARTBEAT_LOSS
1049,SAFE_MODE,HEARTBEAT_LOSS
1050,SAFE_MODE,HEARTBEAT_LOSS
1051,SAFE_MODE,HEARTBEAT_LOSS
1052,SAFE_MODE,HEARTBEAT_LOSS
1053,SAFE_MODE,HEARTBEAT_LOSS
1054,SAFE_MODE,HEARTBEAT_LOSS
1055,SAFE_MODE,HEARTBEAT_LOSS
1056,SAFE_MODE,HEARTBEAT_LOSS
1057,SAFE_MODE,HEARTBEAT_LOSS
1058,SAFE_MODE,HEARTBEAT_LOSS
1059,SAFE_MODE,HEARTBEAT_LOSS
1060,SAFE_MODE,HEARTBEAT_LOSS
1061,SAFE_MODE,HEARTBEAT_LOSS
1062,SAFE_MODE,HEARTBEAT_LOSS
1063,SAFE_MODE,HEARTBEAT_LOSS
1064,SAFE_MODE,HEARTBEAT_LOSS
1065,SAFE_MODE,HEARTBEAT_LOSS
1066,SAFE_MODE,HEARTBEAT_LOSS
1067,SAFE_MODE,HEARTBEAT_LOSS
1068,SAFE_MODE,HEARTBEAT_LOSS
1069,SAFE_MODE,HEARTBEAT_LOSS
1070,SAFE_MODE,HEARTBEAT_LOSS
1071,SAFE_MODE,HEARTBEAT_LOSS
1072,SAFE_MODE,HEARTBEAT_LOSS
1073,SAFE_MODE,HEARTBEAT_LOSS
1074,SAFE_MODE,HEARTBEAT_LOSS
1075,SAFE_MODE,HEARTBEAT_LOSS
1076,SAFE_MODE,HEARTBEAT_LOSS
1077,SAFE_MODE,HEARTBEAT_LOSS
1078,SAFE_MODE,HEARTBEAT_LOSS
1079,SAFE_MODE,HEARTBEAT_LOSS
1080,SAFE_MODE,HEARTBEAT_LOSS
1081,SAFE_MODE,HEARTBEAT_LOSS
1082,SAFE_MODE,HEARTBEAT_LOSS
1083,SAFE_MODE,HEARTBEAT_LOSS
1084,SAFE_MODE,HEARTBEAT_LOSS
1085,SAFE_MODE,HEARTBEAT_LOSS
1086,SAFE_MODE,HEARTBEAT_LOSS
1087,SAFE_MODE,HEARTBEAT_LOSS
1088,SAFE_MODE,HEARTBEAT_LOSS
1089,SAFE_MODE,HEARTBEAT_LOSS
1090,SAFE_MODE,HEARTBEAT_LOSS
1091,SAFE_MODE,HEARTBEAT_LOSS
1092,SAFE_MODE,HEARTBEAT_LOSS
1093,SAFE_MODE,HEARTBEAT_LOSS
1094,SAFE_MODE,HEARTBEAT_LOSS
1095,SAFE_MODE,HEARTBEAT_LOSS
1096,SAFE_MODE,HEARTBEAT_LOSS
1097,SAFE_MODE,HEARTBEAT_LOSS
1098,SAFE_MODE,HEARTBEAT_LOSS
1099,SAFE_MODE,HEARTBEAT_LOSS
1100,SAFE_MODE,HEARTBEAT_LOSS
1101,SAFE_MODE,HEARTBEAT_LOSS
1102,SAFE_MODE,HEARTBEAT_LOSS
1103,SAFE_MODE,HEARTBEAT_LOSS
1104,SAFE_MODE,HEARTBEAT_LOSS
1105,SAFE_MODE,HEARTBEAT_LOSS
1106,SAFE_MODE,HEARTBEAT_LOSS
1107,SAFE_MODE,HEARTBEAT_LOSS
1108,SAFE_MODE,HEARTBEAT_LOSS
1109,SAFE_MODE,HEARTBEAT_LOSS
1110,SAFE_MODE,HEARTBEAT_LOSS
1111,SAFE_MODE,HEARTBEAT_LOSS
1112,SAFE_MODE,HEARTBEAT_LOSS
1113,SAFE_MODE,HEARTBEAT_LOSS
1114,SAFE_MODE,HEARTBEAT_LOSS
1115,SAFE_MODE,HEARTBEAT_LOSS
1116,SAFE_MODE,HEARTBEAT_LOSS
1117,SAFE_MODE,HEARTBEAT_LOSS
1118,SAFE_MODE,HEARTBEAT_LOSS
1119,SAFE_MODE,HEARTBEAT_LOSS
1120,SAFE_MODE,HEARTBEAT_LOSS
1121,SAFE_MODE,HEARTBEAT_LOSS
1122,SAFE_MODE,HEARTBEAT_LOSS
1123,SAFE_MODE,HEARTBEAT_LOSS
1124,SAFE_MODE,HEARTBEAT_LOSS
1125,SAFE_MODE,HEARTBEAT_LOSS
1126,SAFE_MODE,HEARTBEAT_LOSS
1127,SAFE_MODE,HEARTBEAT_LOSS
1128,SAFE_MODE,HEARTBEAT_LOSS
1129,SAFE_MODE,HEARTBEAT_LOSS
1130,SAFE_MODE,HEARTBEAT_LOSS
1131,SAFE_MODE,HEARTBEAT_LOSS
1132,SAFE_MODE,HEARTBEAT_LOSS
1133,SAFE_MODE,HEARTBEAT_LOSS
1134,SAFE_MODE,HEARTBEAT_LOSS
1135,SAFE_MODE,HEARTBEAT_LOSS
1136,SAFE_MODE,HEARTBEAT_LOSS
1137,SAFE_MODE,HEARTBEAT_LOSS
1138,SAFE_MODE,HEARTBEAT_LOSS
1139,SAFE_MODE,HEARTBEAT_LOSS
1140,SAFE_MODE,HEARTBEAT_LOSS
1141,SAFE_MODE,HEARTBEAT_LOSS
1142,SAFE_MODE,HEARTBEAT_LOSS
1143,SAFE_MODE,HEARTBEAT_LOSS
1144,SAFE_MODE,HEARTBEAT_LOSS
1145,SAFE_MODE,HEARTBEAT_LOSS
1146,SAFE_MODE,HEARTBEAT_LOSS
1147,SAFE_MODE,HEARTBEAT_LOSS
1148,SAFE_MODE,HEARTBEAT_LOSS
1149,SAFE_MODE,HEARTBEAT_LOSS
1150,SAFE_MODE,HEARTBEAT_LOSS
1151,SAFE_MODE,HEARTBEAT_LOSS
1152,SAFE_MODE,HEARTBEAT_LOSS
1153,SAFE_MODE,HEARTBEAT_LOSS
1154,SAFE_MODE,HEARTBEAT_LOSS
1155,SAFE_MODE,HEARTBEAT_LOSS
1156,SAFE_MODE,HEARTBEAT_LOSS
1157,SAFE_MODE,HEARTBEAT_LOSS
1158,SAFE_MODE,HEARTBEAT_LOSS
1159,SAFE_MODE,HEARTBEAT_LOSS
1160,SAFE_MODE,HEARTBEAT_LOSS
1161,SAFE_MODE,HEARTBEAT_LOSS
1162,SAFE_MODE,HEARTBEAT_LOSS
1163,SAFE_MODE,HEARTBEAT_LOSS
1164,SAFE_MODE,HEARTBEAT_LOSS
1165,SAFE_MODE,HEARTBEAT_LOSS
1166,SAFE_MODE,HEARTBEAT_LOSS
1167,SAFE_MODE,HEARTBEAT_LOSS
1168,SAFE_MODE,HEARTBEAT_LOSS
1169,SAFE_MODE,HEARTBEAT_LOSS
1170,SAFE_MODE,HEARTBEAT_LOSS
1171,SAFE_MODE,HEARTBEAT_LOSS
1172,SAFE_MODE,HEARTBEAT_LOSS
1173,SAFE_MODE,HEARTBEAT_LOSS
1174,SAFE_MODE,HEARTBEAT_LOSS
1175,SAFE_MODE,HEARTBEAT_LOSS
1176,SAFE_MODE,HEARTBEAT_LOSS
1177,SAFE_MODE,HEARTBEAT_LOSS
1178,SAFE_MODE,HEARTBEAT_LOSS
1179,SAFE_MODE,HEARTBEAT_LOSS
1180,SAFE_MODE,HEARTBEAT_LOSS
1181,SAFE_MODE,HEARTBEAT_LOSS
1182,SAFE_MODE,HEARTBEAT_LOSS
1183,SAFE_MODE,HEARTBEAT_LOSS
1184,SAFE_MODE,HEARTBEAT_LOSS
1185,SAFE_MODE,HEARTBEAT_LOSS
1186,SAFE_MODE,HEARTBEAT_LOSS
1187,SAFE_MODE,HEARTBEAT_LOSS
1188,SAFE_MODE,HEARTBEAT_LOSS
1189,SAFE_MODE,HEARTBEAT_LOSS
1190,SAFE_MODE,HEARTBEAT_LOSS
1191,SAFE_MODE,HEARTBEAT_LOSS
1192,SAFE_MODE,HEARTBEAT_LOSS
1193,SAFE_MODE,HEARTBEAT_LOSS
1194,SAFE_MODE,HEARTBEAT_LOSS
1195,SAFE_MODE,HEARTBEAT_LOSS
1196,SAFE_MODE,HEARTBEAT_LOSS
1197,SAFE_MODE,HEARTBEAT_LOSS
1198,SAFE_MODE,HEARTBEAT_LOSS
1199,SAFE_MODE,HEARTBEAT_LOSS
